<?xml version='1.0' encoding="ISO-8859-1"?>
<jtlshop3plugin>
    <Name>Newsletter2Go</Name>
    <Description>E-Mail Marketing-Integration, mit der Sie einfach Ihre Kontakte synchronisieren und Produkt-Newsletter versenden k�nnen</Description>
    <Author>Newsletter2Go</Author>
    <URL>http://www.newsletter2go.de</URL>
    <XMLVersion>110</XMLVersion>
    <ShopVersion>319</ShopVersion>
    <Shop4Version>400</Shop4Version>
    <PluginID>newsletter2go</PluginID>
    <Install>
        <Version nr="100">
            <CreateDate>2013-11-26</CreateDate>
            <SQL>newsletter2go.sql</SQL>
        </Version>
        <Version nr="101">
            <CreateDate>2013-03-03</CreateDate>
        </Version>
        <Version nr="102">
            <CreateDate>2015-04-08</CreateDate>
        </Version>
        <Version nr="103">
            <CreateDate>2016-03-18</CreateDate>
        </Version>
        <Version nr="106">
            <CreateDate>2016-07-07</CreateDate>
        </Version>
        <Version nr="107">
            <CreateDate>2019-02-05</CreateDate>
        </Version>
        <Version nr="108">
            <CreateDate>2019-02-11</CreateDate>
        </Version>
        <Version nr="109">
            <CreateDate>2019-10-23</CreateDate>
        </Version>
        <Version nr="110">
            <CreateDate>2020-02-13</CreateDate>
        </Version>
        <Hooks>
            <Hook id="29">nl2go_api.php</Hook>
        </Hooks>
        <Adminmenu>
            <Customlink sort="1">
                <Name>Zugangsdaten</Name>
                <Filename>nl2go_admin.php</Filename>
            </Customlink>
        </Adminmenu>
    </Install>
</jtlshop3plugin>
